video_id,title,description,channel_title,published_at,category_id,tags,thumbnail_url,duration,definition,caption,licensed_content,view_count,like_count,comment_count
F7dJY0jkpyU,YoungBoy Never Broke Again - Where I Been / Shot Callin [Official Video],"YoungBoy Never Broke Again ‚Äì  
New Music: https://nbayoungboy.lnk.to/Music

Directed by @Flyguynick & Top 

Connect with YoungBoy Never Broke Again: 
http://www.youngboynba.com
https://www.instagram.com/nba_youngboy
https://www.soundcloud.com/nba-youngboy
https://www.tiktok.com/@nbayoungboy

The official YouTube channel of YoungBoy Never Broke Again. Subscribe for the latest music videos, performances, and more.

#YoungBoyNeverBrokeAgain",YoungBoy Never Broke Again,2025-05-03T00:42:17Z,10,['YoungBoy Never Broke Again'],https://i.ytimg.com/vi/F7dJY0jkpyU/hqdefault.jpg,PT7M28S,hd,false,youtube,1938831,201645,24268
KihGo9jd2As,RYAN GARCIA VS ROLANDO ROMERO | FIGHT HIGHLIGHTS,"Watch #CaneloScull | üéü Buy fight now on DAZN - 
üëâdazn.com/youtube‚ÄØ | May 3 | Powered by #FatalFury City of Wolves | #RiyadhSeason

Subscribe to our YouTube channel üëâ http://bit.ly/DAZNBoxingYouTube
Subscribe to the DAZN X Series YouTube channel üëâ https://bit.ly/XSeriesYouTube 

Sign up to DAZN now üëâ http://DAZN.com/youtube

Follow DAZN Boxing On Social Media üëá
Twitter: https://www.twitter.com/DAZNBoxing
Instagram: https://www.instagram.com/DAZNBoxing
Facebook: https://www.facebook.com/DAZN

The DAZN Boxing Show ‚ñ∫ https://bit.ly/3EQ70HN
DAZN Rewind ‚ñ∫ https://bit.ly/32iAaRT

#DAZN #DAZNBoxing #Boxing",DAZN Boxing,2025-05-03T02:41:31Z,17,"['dazn', 'boxing', 'highlights', 'full fight', 'ko', 'knockout', 'top 10', 'The DAZN Boxing Show', 'Pelea', 'Boxeo', 'Pugile', 'dazn boxing']",https://i.ytimg.com/vi/KihGo9jd2As/hqdefault.jpg,PT3M30S,hd,false,youtube,1835552,19949,5947
EeSw7o2NgN0,The Undead War is rising. See how the Witch got evolved!,"X ‚ñ∫ https://twitter.com/ClashRoyale/
Instagram ‚ñ∫ https://www.instagram.com/clashroyale
TikTok ‚ñ∫ https://www.tiktok.com/@clashroyale
Facebook ‚ñ∫ https://www.facebook.com/ClashRoyale/

ENTER THE ARENA
Build your Battle Deck and outsmart the enemy in fast real-time battles. From the creators of CLASH OF CLANS comes a real-time multiplayer battle game starring your favourite Clash characters and more. Start battling against players from around the world!

BECOME A MASTER OF STRATEGY AND DECK BUILDING
Choose unique Cards to your Battle Deck and head to the Arena for Battle!
Place your Cards right and knock down the enemy King and Princesses from their Towers in a strategic and fast-paced match.

COLLECT AND UPGRADE 100+ CARDS
Hog Rider! Collect and upgrade 100+ Cards featuring the Clash of Clans troops, spells and defences you know and love and many others. Win battles and progress to new Arenas to unlock powerful new Cards to your collection!

BATTLE YOUR WAY TO THE TOP
Battle your way to the League and Global Tournaments to match against the best players in the world.
Compete for glory and rewards!

SEASONAL EVENTS
Unlock new Seasonal items like Tower Skins, Emotes and powerful Magic Items with the Season Pass and participate in fun Challenges that put your skills to the test!

JOIN A CLAN AND GO TO WAR
Join or form a Clan with other players to share Cards and battle in Clan Wars for BIG rewards!

See you in the Arena!
#ClashRoyale",Clash Royale,2025-05-03T08:00:11Z,20,"['Clash Royale', 'Clash Royale Game', 'Supercell', 'Supercell Game', 'Clash Royale Supercell', 'Mobile Game']",https://i.ytimg.com/vi/EeSw7o2NgN0/hqdefault.jpg,PT2M5S,hd,false,youtube,1425532,55423,3864
u0GCwJcOHxw,Why is Everything So Boring Now?,"NEW US DATES ON SALE NOW
‚ñ∫ https://shop.kurtisconner.com/pages/tour#europe 

in this video i complain about how everything is boring and sad ok that's it enjoy

MERCH
‚ñ∫ https://shop.kurtisconner.com/collections/home-page

FOLLOW ME:
‚ñ∫ https://instagram.com/kurtisconner/
‚ñ∫ https://twitter.com/kurtisconner

WATCH MY PODCAST:
‚ñ∫  @veryreallygood  

LISTEN TO MY PODCAST:
‚ñ∫ https://open.spotify.com/show/3nGVLHpNXo6MiHQmotIAHG?si=T9Q-NAIOQG6BpWL_7oUvDA
‚ñ∫ https://podcasts.apple.com/ca/podcast/very-really-good/id1335843384

thumbnail by  @dvdaltizer   

comment ‚Äúwho up praying over this video‚Äù if ur reading this

thanks for watching!

0:00 US tour promo
0:36 introduction
3:42 the loss of colour
6:46 phones & early tech
10:50 the coolest design trend of all time
13:43 the internet
17:37 movies & tv
22:03 architecture
25:28 retail stores
26:54 why is this happening?
29:36 sad beige & its consequences
35:00 what do we do?",Kurtis Conner,2025-05-02T19:13:08Z,23,"['kurtis conner', 'kurtis connor']",https://i.ytimg.com/vi/u0GCwJcOHxw/hqdefault.jpg,PT38M11S,hd,false,youtube,1387517,107979,10490
T2XTfmx7pCw,DDG - what i prefer (Official Music Video),"DDG - what i prefer (Official Music Video)

""blame the chat"" available at: https://DDG.lnk.to/BLAMETHECHAT

Follow DDG:
https://twitter.com/pontiacmadeddg 
https://www.facebook.com/Pontiacmadeddg/ 
https://www.instagram.com/pontiacmadeddg 
https://soundcloud.com/pontiacmadeddg 
https://www.youtube.com/channel/UCKqqDlf6lfo3ChRA4-gzusQ

(C) 2025 DDG Entertainment Inc., under exclusive license to Epic Records, a division of Sony Music Entertainment.

#DDG #whatiprefer #blamethechat",DDGVEVO,2025-05-02T04:00:06Z,10,"['DDG', 'what prefer']",https://i.ytimg.com/vi/T2XTfmx7pCw/hqdefault.jpg,PT2M9S,hd,false,youtube,867259,76249,8971
fZzB6kTXbrU,I was almost in Squid Game.,"i was just too good at squid game

Friends:
@Alpharad & @josniffy64 & my brother

‚ú¶ The Team ‚ú¶
AdamX: https://twitter.com/AdamEHKS
Brooskee: https://twitter.com/brooskeeb
Ciara: https://twitter.com/bresnahammy?lang=en
Checkers: https://twitter.com/chexchess
Corin: https://www.instagram.com/corinkeen/?hl=en
Colleen: https://bsky.app/profile/solarcitrus.bsky.social
Claudia: https://bsky.app/profile/hiyfi.bsky.social
DavidBaronArt: https://twitter.com/DavidBaronArt
Dee Helm: https://twitter.com/DeeRedHelm
Denny: https://bsky.app/profile/90percentdenny.bsky.social
Devon: https://www.youtube.com/@devonkong
Dxmnduke: https://bsky.app/profile/dxmnduke.bsky.social
Eman: https://twitter.com/emanx3c
Fawnlouette: https://www.instagram.com/fawnlouette/
Flippmeister: https://twitter.com/TheFlippmeister
JRF
Kam: https://twitter.com/dettlefff
Leslie V
PinkPapi: https://www.youtube.com/@PinkPapiYouTube
RocketSockit: https://twitter.com/RocketSockit
TiffanySeng: https://www.youtube.com/@TiffanySeng
Vijaylante: https://www.instagram.com/vijaylantes
Willard: https://twitter.com/willardworm
Yin
Zangeiti: https://twitter.com/zangeiti
------------------------------------------------------------------------------------
SUBSCRIBE for more animations!
https://www.youtube.com/@jaidenanimations

MERCH:
https://jaidenanimations.com/

TWITTER:
https://twitter.com/JaidenAnimation

INSTAGRAM:
https://instagram.com/jaiden_animations

Wanna Send Fanart?
You can send it to me through Twitter or Instagram (links above)
------------------------------------------------------------------------------------
Music: nintendo music my beloved
------------------------------------------------------------------------------------
#jaidenanimations #squidgame #storytime",JaidenAnimations,2025-05-02T17:02:27Z,1,"['jaiden', 'animations', 'jaidenanimation', 'jaidenanimations', 'animation', 'squid game', 'netflix']",https://i.ytimg.com/vi/fZzB6kTXbrU/hqdefault.jpg,PT14M28S,hd,false,youtube,3117022,239746,10052
nt5ZHq4lh1s,Taking my Sister on a Shopping Spree!,"VERY LIMITED MERCH! https://www.jakemerch.com
MY SOCIAL PAGES
Instagram: https://www.instagram.com/jakewebber9/
Twitter: https://www.twitter.com/jakewebber9/
Tik Tok: https://tiktok.com/jakewebber9/
Music: https://open.spotify.com/artist/615rzxFYpRYd5gY8eg61NK
Discord: https://discord.gg/nonames

MY SECOND CHANNEL:
https://www.youtube.com/@JakeWebberLive

i flew my little sister out from kansas for a  shopping spree in los angeles! we hit the mall so can can choose whatever she wants! Her names Jillian and she‚Äôs a dancer, does tiktok and youtube!

Sub to Jillian! @JillianWebber 


#Jakewebber",Jake Webber,2025-05-02T21:25:30Z,24,"['shopping with my sister', 'shopping', 'shop with my sister', 'shopping with my siblings', 'shop with me', 'shopping haul', 'shop with me and my sisters', 'product shopping for my sister', 'shopping with me', 'shopping spree', 'sister', 'sister forever shopping', 'for my sister', '#shopping']",https://i.ytimg.com/vi/nt5ZHq4lh1s/hqdefault.jpg,PT14M59S,hd,false,youtube,695760,51341,2730
3LpzeNLtEhY,10 Days of Chaotic Travel (behind the scenes of our life),"What a week...hope you enjoy this behind the scenes look at our life! Get $3 off your next Airalo eSim by using our code KARAANDNATE or use our link: https://try.airalo.com/karaandnate
Thanks Airalo for sponsoring this video & for making it easy to get internet abroad!

Episode 959 | Filmed April 2025 | So. Many. Places.
Vancouver, Nashville, Various Europe Layovers, Marrakech, and the Sahara, Morocco

Want to save money on flights and hotels?! Check out our all new @DailyDrop Pro! üòç‚û°Ô∏è  https://s.dailydrop.com/yt_kn-bfcm24 

‚Äî‚Äî‚Äî‚Äî‚Äî‚Äî‚Äî‚Äî‚Äî‚Äî‚Äî‚Äî‚Äî‚Äî‚Äî‚Äî‚Äî‚Äî

‚úàÔ∏è @DailyDrop is our *FREE travel newsletter!* Get all the best travel news, tips, and tricks every weekday in your inbox by subscribing here ‚û°Ô∏è
https://faredrop.app/ytd_220827 

üì∏ Get behind the scenes content on our Instagram! @karaandnate
https://www.instagram.com/karaandnate/ 

üìß Read our Sunday Summary email to know what goes on between videos -
https://karaandnate.com/sunday-summary/ 

üé∂ Here‚Äôs where we got all of our copyright free songs used in this episode -
http://bit.ly/epidemic_sound

‚Äî‚Äî‚Äî‚Äî‚Äî‚Äî‚Äî‚Äî‚Äî‚Äî‚Äî‚Äî‚Äî‚Äî‚Äî‚Äî‚Äî‚Äî

Who are Kara and Nate?! 

2016-2019: https://www.youtube.com/watch?v=FuFv4iF8wgg&t=1s 

2020-2024: https://youtu.be/ikAN9e0gBaU?si=G644UGWIqPrOzTYW

Originally from Nashville, Tennessee, we got married 2013 and were super ‚Äúnormal.‚Äù I was a teacher and Nate started a small printing business from the spare bedroom of our apartment. 

We discovered the world of ‚Äútravel hacking‚Äù while planning our honeymoon & became addicted ;)

So after 2 years of obsessively saving $35k and over 2 million miles and points, we sold our cars and apartment and left home January 10, 2016 for a ‚Äúone year‚Äù trip around the world.

Our goal was to see as many places as possible before we ran out of money and went back home to ‚Äúnormal life.‚Äù We started this channel to share our experiences with friends and family, but quickly fell in love with living on the road and found a new passion for capturing our travels through video. So we did everything we could to keep going.

4 years later, we achieved our new goal of visiting 100 countries and all 7 continents. We had no plans to slow down, until 2020 forced us to ;) Which is when we bought a converted van to start exploring our own country for the first time!

After ~2 years of van life, we are back to full time international traveling! And now we are in our 10TH YEAR of finding the best adventures the world has to offer :) 

We are incredibly grateful to be able to continue doing something we love every day. üòäüé•üåé Thank you to everyone who has been a part of our journey!

00:00 our chaotic week of solo travel
01:31 Nate‚Äôs travels to Europe
07:44 Why is nate in Tenerife?
08:55 Kara‚Äôs retirement party
11:20 why I'm packing nate‚Äôs stuff
15:07 Kara‚Äôs dramatic travel story :(
29:28 reuniting in Morocco!
30:45 Prepping for MDS!!
36:18 made it to the Sahara
37:26 bag saga conclusion",Kara and Nate,2025-05-03T15:00:04Z,19,"['kara and nate', 'travel', 'travel vlog', 'behind the scenes', 'aviation', 'travel day', 'travel couple', 'couple vlog', 'miles and points', 'marathon des sables', 'tenerife', 'mds', 'morocco', 'flight review']",https://i.ytimg.com/vi/3LpzeNLtEhY/hqdefault.jpg,PT39M19S,hd,false,youtube,216885,13722,819
huywVCJvqn4,I Tested VIRAL Beauty Products you won‚Äôt believe,"Today we are buying and trying the most VIRAL, SATISFYING and honestly, SUSPICIOUS Beauty Products on the internet! 
More videos like this:
I Bought SATISFYING Viral Beauty Products
https://www.youtube.com/watch?v=cwcdGBmqd5E
I Bought UNREALISTIC Viral Beauty Products
https://www.youtube.com/watch?v=buKcergt4dA
I Created GIANT Viral Beauty Products
https://www.youtube.com/watch?v=mI4menWw2lc&t=1s

Get a Hopeful friendship bracelet or T-shirt HERE üôÇ
https://hopescope.com/collections/hopescope-merch

@HopeScope on INSTAGRAM for Giveaways and more!
@HopeScope on TIKTOK for some laughs",HopeScope,2025-05-03T14:30:21Z,26,[],https://i.ytimg.com/vi/huywVCJvqn4/hqdefault.jpg,PT20M54S,hd,true,youtube,485900,16621,1360
-K8jSo03dEk,"planes if they were 10,000 times better","Get NordVPN‚Äôs 2 year plan + 4 extra months free here: (https://nordvpn.com/icecreamsandwich) It‚Äôs risk free with NordVPN‚Äôs 30 day money back guarantee!

What if planes were 10 thousand times better than they are now? I have the answer for you. A question you never asked but great minds like me know you wanna know. obviously.
I hope you like this cool and awesome video made by me (whomst is also cool and awesome)


Thank you for watching!!!

TEAM: 
Produced in collaboration with Jellybox!
Gene Goldstein: Executive Producer
bluesky and instagram: @Genegoldstein

Laura Estrella: Director 
bluesky and instagram: @Starghettis

Sean Aitchison: Production
bluesky: @Sean8UrSon

Jane Mahoney: Production
bluesky and instagram: @itsjanemahoney

Brooke Burnett: Animator
bluesky: @brooskeeb.bsky.social

David Kalev-Roy: Animator
bluesky: @davidtoonsyt.com
instagram: @davidtoons 

Cris Mestre: Animator
bluesky and instagram: @Guyfromplanetx

Willard the Worm: Animator
instagram: @willardworm 

Mazzy Foy: Animator
bluesky and instagram: @gutstosis

Danny Reyes: Animator
bluesky and instagram: @oryozema

Harry Barnett: Animator
bluesky: @deepblueink.bsky.social
instagram: @deepblueinksta

Joel Spencer: Animator
bluesky: @joelymoley.bsky.social
instagram: @joelymoleyart

Tanimayto: Animator
bluesky: @ctanimation.com
instagram: @tanimayto

and me!: a whole bunch of stuff

üì± twitter:
https://twitter.com/ICSandwichGuy
üì∑ instagram:
https://www.instagram.com/icecreamsandwichguy/",Ice Cream Sandwich,2025-05-03T02:01:54Z,23,[],https://i.ytimg.com/vi/-K8jSo03dEk/hqdefault.jpg,PT9M49S,hd,false,youtube,739241,74213,3908
RNgSTwTvlNE,Watching The BEST Minecraft Video Ever (Grox),"Subscribe to @GroxMC 

I got a little bit bored so I started groxing it and watched 1,000,000 Villager MANHUNT 

New Merch https://socks.store/

SUBSCRIBE 
----------------------------------------------------------------
follow me or I will eat your toes

Instagram ‚Üí https://bit.ly/2MRg4WP
Twitter ‚Üí https://bit.ly/2MrebAu
Reddit ‚Üí https://bit.ly/3apoz3C
Discord  ‚Üí https://discord.gg/socks 
Snapchat ‚Üí https://bit.ly/48iD46w

----------------------------------------------------------------

Business business? or problem with copyright? 
socks@night.co

Work with me!
https://socksfor1.com



minecraft,minecraft memes,minecraft shorts,minecraft funny,minecraft meme,grox minecraft,minecraft villager,minecraft animation,minecraft mods,minecraft but,did groxmc quit minecraft,cash minecraft,minecraft anime,minecraft hardcore,notvixios minecraft,all my fellas minecraft,funny minecraft shorts,grox new video,minecraft grox,minecraft catnap,minecraft ranking,ayoden minecraft,minecraft comedy,minecraft player,the worst minecraft player
minecraft,minecraft villager,minecraft funny,minecraft memes,villager,minecraft meme,grox minecraft,minecraft mods,minecraft shorts,villager tax,minecraft but,villagers,villager tax season,minecraft animation,minecraft villagers,minecraft villagers meme,minecraft villagers memes,1000000 villagers minecraft,villager ai cover,villagers vs,1000000 villagers,notvixios minecraft,all my fellas minecraft,villager memes,village,minecraft mod",SocksReact,2025-05-02T17:15:02Z,23,"['socksfor1', 'sockreacts', 'tiktok', 'fail compilation', 'react', 'minecraft', 'minecraft villager', 'minecraft funny', 'minecraft memes', 'minecraft meme', 'grox minecraft', 'minecraft mods', 'minecraft shorts', 'minecraft but', 'villagers', 'villager tax season', 'minecraft animation', 'minecraft villagers', 'minecraft villagers meme', 'minecraft villagers memes', '1000000 villagers minecraft', 'villager ai cover', 'villagers vs', '1000000 villagers', 'notvixios minecraft', 'all my fellas minecraft', 'villager memes', 'village']",https://i.ytimg.com/vi/RNgSTwTvlNE/hqdefault.jpg,PT27M37S,hd,false,youtube,916839,20837,2232
YXYerrQNFcE,Kelly Clarkson - Where Have You Been (Official Music Video),"Where have you been
What took so long
I thought I‚Äôd found you
Found out I was wrong

I almost gave up
My light was so dim
And now here you are
Where have you been

Stream ""Where Have You Been"" on Spotify: https://open.spotify.com/track/4rvgToT6t8w9Vm9MbqjNHa
Stream ""Where Have You Been"" on Apple Music: https://music.apple.com/us/album/where-have-you-been-single/1810791026
Stream ""Where Have You Been"" on Amazon Music: https://music.amazon.com/albums/B0F6G7TT9Y
https://linktr.ee/iamkellyclarkson

Subscribe for more content from Kelly Clarkson: https://KellyClarkson.lnk.to/SubscribeID

Follow Kelly Clarkson: 
https://kellyclarkson.com
https://www.facebook.com/kellyclarkson
https://twitter.com/kelly_clarkson
https://www.instagram.com/kellyclarkson
https://soundcloud.com/kellyclarksonofficial


#KellyClarkson #WhereHaveYouBeen #NewMusic",Kelly Clarkson,2025-05-02T23:00:37Z,10,"['Kelly Clarkson', 'Kelly', 'Clarkson', 'The Voice', 'American Idol', 'Where Have You Been']",https://i.ytimg.com/vi/YXYerrQNFcE/hqdefault.jpg,PT4M5S,hd,false,youtube,476670,28084,2510
OcpVNIrpO4Y,Surviving 24 Hours In a Private Jet!,"SOUR FRUIT SNACKS!! - https://fruitblox.com

SHOP NOW - https://www.unspeakable.com/

MORE VIDEOS! - https://www.youtube.com/channel/UCet_y01v87pE7MPGikjTQQw

FOLLOW ME! - https://www.unspeakable.com/pages/links

PLEASE leave a like & subscribe this video was expensive!! THANK YOU! I love tacos",Unspeakable,2025-05-03T15:00:36Z,22,"['unspeakable', 'vlog', 'vlogs', 'unspeakablegaming', 'prank', 'comedy', 'challenge', 'laugh', 'funny', 'moments', 'craziest', 'pranks', 'crazy', 'no cursing', 'no swearing', 'how to', 'parody', 'troll', 'video', 'react', 'family friendly', 'funniest', 'adventure', 'trolling', 'unspeakable vlogs', 'real life', 'life', 'unspeakable real life', 'unspeakableplays']",https://i.ytimg.com/vi/OcpVNIrpO4Y/hqdefault.jpg,PT28M9S,hd,false,youtube,273546,8181,1469
toceydVI_T8,A MINECRAFT Movie in LEGO...,"Hey! Have you seen the Minecraft Movie yet? I loved it, so I decided to recreate the characters and the best scenes from the film in LEGO!",Mr. Bricks,2025-05-03T10:45:07Z,22,"['Memes', 'Minecraft Movie', 'LEGO Nether', 'LEGO Minecraft', 'Natalie', 'LEGO Minecraft Movie', 'LEGO Squid Game', 'Steve', 'Henry', 'LEGO Steve', 'Garrett', 'LEGO Sets', 'LEGO Spider', 'Dennis', 'LEGO Garrett', 'Best LEGO', 'LEGO Dennis', 'LEGO Minifigures', 'LEGO Henry', 'LEGO', 'Mr Bricks', 'Malgosha', 'Dawn', 'LEGO Malgosha', 'LEGO Natalie', 'LEGO Memes', 'Nether', 'LEGO Dawn', 'LEGO Villager', 'LEGO Chicken', 'Lava Chicken', 'LEGO Piglin', 'LEGO Iron Golem', 'LEGO Baby Zombie', 'LEGO Bee', 'LEGO Recreation', 'Minecraft', 'Minecraft World']",https://i.ytimg.com/vi/toceydVI_T8/hqdefault.jpg,PT10M23S,hd,false,youtube,177440,1389,311
1DtRwUruDz8,Jarahn - Laif Blo Today ft. Pettz (Audio),"Laif Blo Today (Official Audio)
Prod by Jarahn at Six7five Studio",Jarahn,2025-04-29T14:51:48Z,10,[],https://i.ytimg.com/vi/1DtRwUruDz8/hqdefault.jpg,PT3M36S,hd,false,youtube,31298,1577,159
ujP_-W5d3pE,Fortnite *SEASON 3* is HERE! (Star Wars),"Fortnite Star Wars First Win Chapter 6 Season 3 gameplay with Typical Gamer!
‚ù§Ô∏è SUBSCRIBE & CLICK THE BELL! üîî

SUBSCRIBE to the NEW CHANNEL! https://www.youtube.com/@SuperRedvsBlue?sub_confirmation=1

MY GAMES in FORTNITE!
‚ö°Ô∏èPLAY THE PIT OF LEGENDS ‚ñ∫ 5629-1247-4118 (Or Search JOGO)
üî¥ PLAY SUPER RED vs BLUE ‚ñ∫ 2786-2114-8349
üîµ PLAY SUPER RED vs BLUE - ZERO BUILD ‚ñ∫ 2037-4314-7548
üê¢ PLAY TMNT SUPER RED vs BLUE  ‚ñ∫ 1498-6588-6678
üöÄ PLAY ONLYUP TIME TRAVEL ‚ñ∫ 5264-1761-9807
üß∏ PLAY TOY BED WARS ‚ñ∫ 5471-4550-8290
ü•ú PLAY FORTNUT GUN GAME ‚ñ∫ 8500-5091-3965
üí• PLAY RANKED BOX PVP ‚ñ∫ 5178-8855-9263
‚ù§Ô∏è Make sure to FAVORITE and LIKE the maps if you enjoy them!

Use my Support a Creator code ""TypicalGamer"" in the Fortnite item shop if you'd like to support me! (Epic Partner)

Join my Discord: https://discord.gg/tgelite
Buy my Merch: https://typical.store
Follow me on Twitter: https://www.twitter.com/typicalgamer
Follow me on Instagram: https://www.instagram.com/typicalgamer

Music by Epidemic Sound: https://www.epidemicsound.com",TG Plays,2025-05-02T13:38:09Z,20,[],https://i.ytimg.com/vi/ujP_-W5d3pE/hqdefault.jpg,PT16M41S,hd,false,youtube,945582,13051,991
NE3uOVVjB98,"Taskmaster Season 19, Episode 1 -  'Sometimes spit.' | Full Episode","The five new comics battling for Greg Davies‚Äôs gold head are: Fatiha El-Ghorri, Jason Mantzoukas, Mathew Baynton, Rosie Ramsey and Stevie Martin.

------------

Watch full episodes in the UK on http://Channel4.com
Buy Taskmaster merch: https://taskmasterstore.com/

------------

In this Broadcast Award-winning, BAFTA and Emmy Award-nominated entertainment show, Taskmaster tyrant Greg Davies (Man Down, Cuckoo), with the help of his loyal assistant Alex Horne (The Horne Section and the show‚Äôs creator), sets out to test the wiles, wit and wisdom of five hyper-competitive comedians.

Comedians that have risked life, limb, and dignity in the hope of making the Taskmaster proud so far include: Frank Skinner (The Frank Skinner Show), Mel Giedroyc (The Great British Bake Off), Romesh Ranganathan (Asian Provocateur), Hugh Dennis (Outnumbered), Sally Phillips (Bridget Jones‚Äô Diary), Rose Matafeo (Edinburgh Comedy Award Winner 2018), and Russell Howard (The Russell Howard Hour). Unaware of what awaits them in each wax-sealed envelope, only one competitor can become the victorious owner of His Royal Task-ness‚Äô golden head and be crowned the next Taskmaster Champion.

#Taskmaster #Comedy¬†#GregDavies #AlexHorne",Taskmaster,2025-05-02T20:00:06Z,23,"['Taskmaster', 'Alex Horne', 'Greg Davies', 'Frank Skinner', 'Josh Widdicombe', 'Romesh Ranganathan', 'The Horne Section', 'Tim Key', 'Dave Channel', 'UKTV', 'Red Dwarf', 'Would I Lie To You', 'Taskmaster full episodes', 'james acaster', 'bob mortimer', 'channel 4', 'panel show', 'uk comedy', 'comedy', 'sophie duker', 'bridget christie', 'sam campbell', 'julian clary', 'pennel show', 'judi love', 'ardal ohanlan', 'joannemcnally', 'Fatiha El-Ghorri', 'Jason Mantzoukas', 'Mathew Baynton', 'Rosie Ramsey', 'Stevie Martin']",https://i.ytimg.com/vi/NE3uOVVjB98/hqdefault.jpg,PT45M54S,hd,false,youtube,494120,19068,2000
0u7defN21Zk,State of Origin 2025 Match Highlights | QLD Maroons v NSW Blues | Game 1,"The Queensland Maroons and the New South Wales Blues face off in Game 1 of the 2025 Ampol Women‚Äôs State of Origin

üèâ Subscribe to the official NRLW Channel üèâhttps://www.youtube.com/channel/UCME0EifJ3Xm3mGmLdBz1Kyw?sub_confirmation=1

Experience the NRLW:
üé´ - https://www.nrl.com/tickets/
üåè - https://www.nrl.com/nrlw/
üîó - https://linktr.ee/nrlw",NRLW - National Rugby League Women's,2025-05-01T11:44:37Z,17,"['nrl', 'national rugby league', 'games', 'matches', 'highlights', 'rugby', 'telstra premiership', 'fox sports', 'state of origin', 'nine', 'nrl highlights', 'nrl game highlights', 'rugby league highlights', 'rugby league', 'nrl full match', 'nrl live', 'watch nrl', 'nrl match highlights', 'nrl 2022', 'nrl 2022 highlights', 'nrl22', 'nrl22 highlights', 'nrl scores', 'nrl schedule', 'nrl draw', 'nrlw', 'nrl womens', 'nrl womens highlights']",https://i.ytimg.com/vi/0u7defN21Zk/hqdefault.jpg,PT4M18S,hd,false,youtube,80610,948,116
M5RiDEfnPVU,Ivan Cornejo - Me Promet√≠ (Lyric Video),"Escucha ‚ÄúMe Promet√≠‚Äù en todas las plataformas: https://ivancornejo.lnk.to/MePrometi 

 
Sigue a Ivan:  
TikTok: https://www.tiktok.com/@ivancornejooo  
Instagram: https://www.instagram.com/ivancornejoo/  
Facebook: https://www.facebook.com/IvanCornejoOfficial  
 
Lyrics:  
Me promet√≠‚Ä¶ 
Para ti soy nada 
Nunca es suficiente para ti 
Me promet√≠‚Ä¶ 

Su√©ltala, no es pa' ti 
Aunque pierdas esta guerra 
D√©jala ir 

Vete al espejo 
Y dime, ¬øest√°s feliz? 

 
Tienes que despertar 
Tienes que aceptar la verdad 
No te tapes los ojos 
No te quieras escapar 
No le llames de nuevo 
Cuando seg√∫n quer√≠as cambiar 

 
Me promet√≠ que nunca 
Iba a hablar m√°s de ti 
Que te iba a olvidar 
(Que te iba a olvidar) 
Me promet√≠ que esta vez, esta vez 
Seg√∫n iba a cambiar 

 
Arde tanto 
Escuchar tu voz 
Era dulce 
Hasta que minti√≥ 

Quisiera ser m√°s consciente 
Cumplir lo que es no quererte 
Me tengo que ir 
Me tengo que ir 

 
Irme una vez m√°s 
Y esta vez de verdad 
Ya no mirar hacia atr√°s 

Irme una vez m√°s 
Y m√°s nunca voltear 
Ya necesito sanar 

 
Me promet√≠ que nunca 
Iba a hablar m√°s de ti 
Que te iba a olvidar 
(Que te iba a olvidar) 
Me promet√≠ que esta vez, esta vez 
Seg√∫n iba a cambiar 

 

Su√©ltala, no es pa' ti... 

 
#IvanCornejo #MePrometi",Ivan Cornejo,2025-05-02T00:00:06Z,10,"['Ivan Cornejo', 'Ivan', 'Cornejo', 'Me Prometi', 'Interscope', 'Prometi']",https://i.ytimg.com/vi/M5RiDEfnPVU/hqdefault.jpg,PT2M52S,hd,false,youtube,975792,85732,5917
R5iHrNmwnWo,The First Planets - Part 1,"üèÜ Get early access to episodes, perks, & support the future of SolarBalls on Patreon! üèÜ
‚ûî https://www.patreon.com/SolarBalls

üåé Become a Space Adventurer by buying your space gear! üåé
‚ûî https://solarballs.store

Welcome to SolarBalls! Space animation filled with fun, entertaining animations that also help you learn about the solar system, and the universe. If you like space animations and comedy - then this channel is for you!

BUSINESS: If you are interested in sponsoring our videos, get in touch with solarballs@intheblackmedia.com
And for business: solarballs@telos.so

Check out SolarBalls in YOUR Language! 

Espanol: https://www.youtube.com/@SolarBallsEsp
Russian: https://www.youtube.com/@–®–∞—Ä–∞–Ω—É—Ç—ã–π–ö–æ—Å–º–æ—Å
Hindi: https://www.youtube.com/@solarballs_india
Indonesia: https://www.youtube.com/@solarballsID
ÿ®ÿßŸÑÿπÿ±ÿ®Ÿä: https://www.youtube.com/@SolarBalls_Arabic
Philippines: https://www.youtube.com/@solarballsphilippines
Brasil: https://www.youtube.com/@solarballs_brasilofc
Fran√ßais: https://www.youtube.com/@solarballsfrancais
Italiano: https://www.youtube.com/@SolarBallsIta
Thai: https://www.youtube.com/@solarballsTH
„ÇΩ„Éº„É©„Éº„Éú„Éº„É´„Ç∫: https://www.youtube.com/@Solarballs_Japan

To partner with us to VO SolarBalls in your own language, click:
shorturl.at/ikS19

And... If you're a fellow YouTuber, needing production help, check our our agency: https://www.nowcreatives.com/services





#solarballs #spaceballs #countryball #countryballs #polandball #polandballs #space #spaceball #spacex #nasa #starwars #startrek #scifi #sun #solarsystem #cartoon",SolarBalls,2025-05-03T15:00:06Z,27,"['solarballs', 'solarball', 'cosmos', 'scifi', 'sci fi', 'space', 'galaxy', 'solar system', 'animation', 'fun', 'comedy', 'space animation', 'cartoon', 'shut up cartoons planets', 'shut up planet cartoon', 'spaceball', 'spaceballs', 'space balls', 'moon', 'moons', 'earth', 'luna', 'sun', 'planet X', 'planets', 'solar balls', 'Moon', 'astrodude', 'Jupiter']",https://i.ytimg.com/vi/R5iHrNmwnWo/hqdefault.jpg,PT8M2S,hd,false,youtube,247343,17768,2440
Calj9oDA88c,Rejected bull just wants to be everyone's friend,"Rejected bull just wants to be everyone's friend

Check out this story: https://www.instagram.com/sashafarm

#bekind #animals 
PREMIUMBEAT CODE: JN6BCZWRMGEEET5K

---------------------------
You Love Animal Videos? 
Subscribe To Us Here: https://www.youtube.com/user/geobeats...

Watch Other Popular Videos:
Wild crow visits woman daily to play games - https://youtu.be/l_jGNTXwAAM
This man raised an opossum. Now he thinks they are smarter than dogs - https://youtu.be/Wz7GqNCkctU
Every sunrise, this bird visits a woman for cuddles - https://youtu.be/1QuQBnv3R_Y
Black cat wasn't getting adopted. Then this woman took him home - https://youtu.be/BtTygt98-1w


Follow Us On Other Platforms:
Twitter: https://twitter.com/geobeats
Facebook: https://www.facebook.com/GeoBeatsAnimals
Instagram: https://www.instagram.com/geobeatsani...

About GeoBeats Animals
GeoBeats is a US-based media company focused on telling inspiring animal stories about animals from around the world. Our goal is to make people fall in love with them and promote compassion and kindness.

On our channel, we feature exciting animal videos. You can watch funny cat videos, funny dog videos, cat and dog videos, animal stories, rescue animal videos, adopted animal videos and a lot more.",GeoBeats Animals,2025-05-02T17:45:59Z,15,[],https://i.ytimg.com/vi/Calj9oDA88c/hqdefault.jpg,PT3M41S,hd,false,youtube,496126,28531,1561
T88TN775Ejg,"Ant-Man, Batman, Superman...Wolves in 5 | Year Five with Anthony Edwards | Episode Four","Presented by Underdog Fantasy. 

Fresh off closing out the heavily favored Lakers in five games, Anthony Edwards has a few words for those who doubted him along the way. 
The heartbreak of last year's Western Conference Finals defeat still burns for Anthony Edwards and the Minnesota Timberwolves fans. In Year Five Episode Four, bear witness to the beginning of his relentless pursuit of championship glory ‚Äì doing it for a city desperately waiting for its moment.
This episode features exclusive interviews with: Timberwolves TV announcer Jim Peterson on Minnesota's basketball history and playoff drought, ownership insights from new Timberwolves Owners Alex Rodriguez and Marc Lore, Wolves strength coach Javair Gillett on Ant‚Äôs meticulous preparation for the playoffs.

.
.

Welcome to Year Five, a documentary series that gives fans an exclusive look into NBA superstar Anthony Edwards all-important fifth season with the Minnesota TImberwolves. Coming off a deep playoff run and Olympic gold, Ant wants more.

Subscribe to the YouTube channel for new episodes of Year Five and bonus content, dropping all season long. 

Minnesota Timberwolves superstar Anthony Edwards isn‚Äôt next, he‚Äôs now. Believe That. Subscribe today to follow his NBA journey every step of the way with his new series, Year Five see behind the scenes footage, and dive more into the life of Ant-Man.

Executive Producers: 

Anthony Edwards
Justin Holland
Tre McCain
Brent Montgomery
Stan Kaufman
Nate Houghteling 

Three Fifths Media + Wheelhouse Sports + Portal A 


For more from Anthony Edwards, follow him on all platforms:

Follow Ant on these platforms: 
IG: https://www.instagram.com/theanthonyedwards_/
TT: https://www.tiktok.com/@theanthonyedwards_
FB: https://www.facebook.com/theanthonyedwards
X: https://x.com/theantedwards_",Anthony Edwards,2025-05-02T17:00:06Z,22,[],https://i.ytimg.com/vi/T88TN775Ejg/hqdefault.jpg,PT12M45S,hd,false,youtube,667605,26905,1622
MFA97mQk2W4,Athletic Club vs. Man. United: Extended Highlights | UEL Semi-final Leg 1 | CBS Sports Golazo,"Man. United took a thriller in the quarter-final and now hope to secure a spot in the Europa League final against Athletic Club.

#AthleticClub #ManchesterUnited #LaLiga #PremierLeague #soccer #football #cbssports #europaleague #uel #uefa #uefaeuropaleague 
Stream every UEFA Champions League match live on Paramount+: http://bit.ly/UCLonParamount

Watch all the extended highlights from the UEFA Champions League HERE: http://bit.ly/ChampionsLeagueExtendedHighlights 

Watch the epic UCL punditry from Thierry Henry, Micah Richards, and Jamie Carragher HERE: http://bit.ly/CBSSportsGolazo

Follow us across our social media! 
‚óã TWITTER: http://twitter.com/CBSSportsGolazo
‚óã FACEBOOK: http://facebook.com/CBSSportsGolazo/
‚óã INSTAGRAM: http://instagram.com/cbssportsgolazo
‚óã TIK TOK: http://tiktok.com/@cbssportsgolazo

Subscribe to our other CBS Sports Golazo channels!
‚óã CBS SPORT GOLAZO - EUROPE: http://bit.ly/CBSSportsGolazoEurope
‚óã ATTACKING THIRD: http://bit.ly/AttackingThird
‚óã CBS Sports Golazo ‚Äì Asia: http://bit.ly/CBSSportsGolazoAsia

Home of Serie A, NWSL, Concacaf Men's and Women's Nations League and World Cup Qualifiers, Argentina‚Äôs Liga Profesional de F√∫tbol, Brazil‚Äôs Campeonato Brasileir√£o S√©rie A and UEFA men‚Äôs club competitions including the Europa League, Europa Conference League and... üé∂ THE CHAAAMPIONSSS üé∂",CBS Sports Golazo - Europe,2025-05-01T21:27:36Z,17,[],https://i.ytimg.com/vi/MFA97mQk2W4/hqdefault.jpg,PT11M21S,hd,false,youtube,707941,8054,2458
vaGf8fmtBr4,Maroon 5 - Priceless ft. LISA (Official Video),"Listen to Maroon 5 ft. LISA single ‚ÄúPriceless‚Äù, out now: https://Maroon5.lnk.to/Priceless

Follow Maroon 5:
Instagram: https://Maroon5.lnk.to/Instagram
Facebook: https://Maroon5.lnk.to/Facebook
Twitter: https://Maroon5.lnk.to/Twitter
TikTok: https://Maroon5.lnk.to/TikTok
Sign up for updates: https://www.maroon5.com/subscribe/

Follow LISA:
Instagram: https://www.instagram.com/lalalalisa_m
TikTok: https://www.tiktok.com/@lalalalisa_m
Youtube: www.youtube.com/@lalalalisa_m
#Maroon5 #LISA #M5

Music video by Maroon 5, LISA performing Priceless.¬© 2025 Interscope Records",Maroon5VEVO,2025-05-02T04:00:07Z,10,"['Maroon', 'LISA', '222 Records/Interscope Records', 'Pop', '„Éû„É´„Éº„É≥5', 'ÎßàÎ£¨5', 'È≠îÂäõÁ¥Ö', 'È≠îÂäõÁ∫¢', 'priceless', 'new music', '2025', 'Baby', ""you're priceless"", 'anything like this', 'all wanna do']",https://i.ytimg.com/vi/vaGf8fmtBr4/hqdefault.jpg,PT2M52S,hd,true,youtube,6394978,524638,43076
B9eppKEFYMs,This is Our LAST Family VACATION!,"Performing and traveling as a family has been a DREAM & We are so GRATEFUL for the life we've created as a family & the amazing memories we will cherish.We are so excited for Bryton to get Married & for Jade to join the fun. She's coming on tour with us! https://www.ninja-kidzlive.com/ 
WE hope to see you ALL there, Thanks for being awesome! 

Get your Live Show Tickets! https://www.ninja-kidzlive.com/
NEW Ninja Kidz Toys! Available now
Amazon = https://amzn.to/4eKUDyq
Target = https://bit.ly/4evtcc8
Also available at Walmart!

Ninja Kidz Action Parks! (Coming to a town near you)
https://www.ninjakidzparks.com 

üëï NEW NINJA MERCH üëö http://www.ninjakidz.store
ü§© Request a personalized video on https://www.cameo.com
The kids are all available under their names!  
Bryton Myler, Ashton Kai Myler, Paxton Myler & Payton Delu (Delu is her middle name:)

Join this channel to get access to Ninja Fam Emojis:
https://www.youtube.com/channel/UCU3Q7YbKNK6yTsG-g7v-5Ug/join

Follow Us:
üì∏ INSTAGRAM ‚Üí @NinjaKidzTV https://www.instagram.com/theninjafam/
üìò FACEBOOK ‚Üí https://www.facebook.com/NinjaKidzTV/
üíå FAN MAIL ADDRESS üì¶
Ninja Kidz Family
P.O. Box 123
Draper, Ut. 84020",The Ninja Fam!,2025-05-02T16:29:01Z,19,[],https://i.ytimg.com/vi/B9eppKEFYMs/hqdefault.jpg,PT40M18S,hd,false,youtube,860866,11564,2415
